{
  "metadata": {
    "adapt_mode": "gating",
    "agent_type": "astral"
  },
  "results": {
    "0": {
      "before_mean": 406.6,
      "after_mean": 334.8,
      "improvement": -71.80000000000001,
      "before_returns": [
        179.0,
        395.0,
        500.0,
        500.0,
        500.0,
        500.0,
        500.0,
        500.0,
        202.0,
        238.0,
        500.0,
        288.0,
        274.0,
        458.0,
        461.0,
        500.0,
        210.0,
        500.0,
        500.0,
        427.0
      ],
      "after_returns": [
        339.0,
        152.0,
        314.0,
        500.0,
        500.0,
        344.0,
        500.0,
        301.0,
        225.0,
        437.0,
        274.0,
        226.0,
        380.0,
        237.0,
        245.0,
        386.0,
        500.0,
        172.0,
        500.0,
        164.0
      ],
      "adapt_returns": [
        419.0,
        261.0,
        500.0,
        500.0,
        494.0,
        340.0,
        500.0,
        74.0,
        206.0,
        500.0,
        333.0,
        340.0,
        289.0,
        244.0,
        500.0,
        500.0,
        424.0,
        377.0,
        380.0,
        361.0,
        379.0,
        357.0,
        500.0,
        500.0,
        188.0,
        498.0,
        315.0,
        500.0,
        265.0,
        500.0
      ]
    },
    "1": {
      "before_mean": 360.0,
      "after_mean": 364.2,
      "improvement": 4.199999999999989,
      "before_returns": [
        500.0,
        356.0,
        500.0,
        342.0,
        254.0,
        379.0,
        417.0,
        500.0,
        250.0,
        500.0,
        329.0,
        394.0,
        500.0,
        500.0,
        345.0,
        220.0,
        224.0,
        53.0,
        500.0,
        137.0
      ],
      "after_returns": [
        500.0,
        203.0,
        289.0,
        320.0,
        500.0,
        265.0,
        215.0,
        396.0,
        500.0,
        500.0,
        358.0,
        500.0,
        500.0,
        469.0,
        254.0,
        300.0,
        257.0,
        270.0,
        322.0,
        366.0
      ],
      "adapt_returns": [
        353.0,
        500.0,
        350.0,
        347.0,
        328.0,
        366.0,
        500.0,
        370.0,
        323.0,
        273.0,
        231.0,
        311.0,
        103.0,
        500.0,
        273.0,
        500.0,
        420.0,
        330.0,
        500.0,
        213.0,
        500.0,
        224.0,
        453.0,
        362.0,
        500.0,
        500.0,
        337.0,
        298.0,
        500.0,
        500.0
      ]
    },
    "2": {
      "before_mean": 354.3,
      "after_mean": 370.05,
      "improvement": 15.75,
      "before_returns": [
        354.0,
        500.0,
        366.0,
        180.0,
        351.0,
        161.0,
        263.0,
        167.0,
        492.0,
        500.0,
        180.0,
        500.0,
        500.0,
        230.0,
        500.0,
        500.0,
        500.0,
        313.0,
        300.0,
        229.0
      ],
      "after_returns": [
        139.0,
        500.0,
        440.0,
        236.0,
        233.0,
        374.0,
        177.0,
        172.0,
        236.0,
        500.0,
        191.0,
        500.0,
        500.0,
        345.0,
        500.0,
        500.0,
        399.0,
        500.0,
        500.0,
        459.0
      ],
      "adapt_returns": [
        124.0,
        500.0,
        253.0,
        500.0,
        500.0,
        500.0,
        463.0,
        500.0,
        195.0,
        239.0,
        235.0,
        500.0,
        403.0,
        203.0,
        500.0,
        500.0,
        424.0,
        357.0,
        500.0,
        500.0,
        249.0,
        500.0,
        500.0,
        190.0,
        500.0,
        227.0,
        405.0,
        311.0,
        177.0,
        331.0
      ]
    }
  }
}