{
  "0": {
    "before_mean": 436.2,
    "after_mean": 420.8666666666667,
    "improvement": -15.333333333333314,
    "before_returns": [
      500.0,
      500.0,
      500.0,
      445.0,
      500.0,
      500.0,
      500.0,
      284.0,
      238.0,
      500.0,
      382.0,
      194.0,
      500.0,
      500.0,
      500.0
    ],
    "after_returns": [
      273.0,
      500.0,
      500.0,
      211.0,
      347.0,
      500.0,
      387.0,
      500.0,
      482.0,
      420.0,
      263.0,
      500.0,
      500.0,
      430.0,
      500.0
    ],
    "adapt_returns": [
      500.0,
      198.0,
      191.0,
      307.0,
      500.0,
      500.0,
      500.0,
      500.0,
      257.0,
      464.0,
      500.0,
      500.0,
      268.0,
      500.0,
      409.0,
      500.0,
      500.0,
      218.0,
      500.0,
      500.0
    ]
  },
  "1": {
    "before_mean": 496.6666666666667,
    "after_mean": 448.6,
    "improvement": -48.06666666666666,
    "before_returns": [
      500.0,
      500.0,
      500.0,
      500.0,
      500.0,
      500.0,
      500.0,
      450.0,
      500.0,
      500.0,
      500.0,
      500.0,
      500.0,
      500.0,
      500.0
    ],
    "after_returns": [
      500.0,
      500.0,
      500.0,
      306.0,
      500.0,
      132.0,
      500.0,
      500.0,
      500.0,
      500.0,
      500.0,
      500.0,
      291.0,
      500.0,
      500.0
    ],
    "adapt_returns": [
      500.0,
      500.0,
      218.0,
      334.0,
      500.0,
      500.0,
      500.0,
      500.0,
      500.0,
      500.0,
      500.0,
      500.0,
      500.0,
      500.0,
      365.0,
      500.0,
      500.0,
      375.0,
      500.0,
      500.0
    ]
  },
  "2": {
    "before_mean": 370.73333333333335,
    "after_mean": 410.53333333333336,
    "improvement": 39.80000000000001,
    "before_returns": [
      411.0,
      360.0,
      500.0,
      215.0,
      470.0,
      439.0,
      275.0,
      342.0,
      383.0,
      369.0,
      352.0,
      263.0,
      221.0,
      461.0,
      500.0
    ],
    "after_returns": [
      347.0,
      500.0,
      500.0,
      500.0,
      225.0,
      500.0,
      439.0,
      353.0,
      474.0,
      97.0,
      500.0,
      397.0,
      380.0,
      446.0,
      500.0
    ],
    "adapt_returns": [
      419.0,
      331.0,
      481.0,
      500.0,
      256.0,
      254.0,
      421.0,
      203.0,
      464.0,
      292.0,
      194.0,
      386.0,
      225.0,
      308.0,
      468.0,
      500.0,
      268.0,
      351.0,
      253.0,
      500.0
    ]
  }
}