{
  "A": {
    "gating": {
      "0": {
        "before": 166.35,
        "after": 163.65,
        "improvement": -2.6999999999999886
      },
      "1": {
        "before": 201.85,
        "after": 193.9,
        "improvement": -7.949999999999989
      },
      "2": {
        "before": 151.5,
        "after": 166.15,
        "improvement": 14.650000000000006
      }
    },
    "policy_head": {
      "0": {
        "before": 206.35,
        "after": 203.95,
        "improvement": -2.4000000000000057
      },
      "1": {
        "before": 191.55,
        "after": 86.55,
        "improvement": -105.00000000000001
      },
      "2": {
        "before": 189.75,
        "after": 199.7,
        "improvement": 9.949999999999989
      }
    }
  },
  "B": {
    "gating": {
      "before": {
        "0": 191.25,
        "1": 193.25,
        "2": 198.9
      },
      "after": {
        "0": 163.85,
        "1": 193.05,
        "2": 173.3
      },
      "adapted_mode": 0,
      "forgetting": {
        "1": -0.19999999999998863,
        "2": -25.599999999999994
      }
    },
    "full": {
      "before": {
        "0": 191.25,
        "1": 193.25,
        "2": 198.9
      },
      "after": {
        "0": 62.95,
        "1": 49.75,
        "2": 92.3
      },
      "adapted_mode": 0,
      "forgetting": {
        "1": -143.5,
        "2": -106.60000000000001
      }
    }
  },
  "C": {
    "gating": {
      "baseline": 176.85,
      "by_budget": {
        "1": {
          "score": 188.95,
          "improvement": 12.099999999999994
        },
        "3": {
          "score": 188.5,
          "improvement": 11.650000000000006
        },
        "5": {
          "score": 181.05,
          "improvement": 4.200000000000017
        },
        "10": {
          "score": 192.0,
          "improvement": 15.150000000000006
        },
        "20": {
          "score": 185.85,
          "improvement": 9.0
        },
        "30": {
          "score": 170.5,
          "improvement": -6.349999999999994
        }
      }
    },
    "policy_head": {
      "baseline": 176.85,
      "by_budget": {
        "1": {
          "score": 180.3,
          "improvement": 3.450000000000017
        },
        "3": {
          "score": 227.45,
          "improvement": 50.599999999999994
        },
        "5": {
          "score": 332.55,
          "improvement": 155.70000000000002
        },
        "10": {
          "score": 157.85,
          "improvement": -19.0
        },
        "20": {
          "score": 118.7,
          "improvement": -58.14999999999999
        },
        "30": {
          "score": 54.15,
          "improvement": -122.69999999999999
        }
      }
    },
    "full": {
      "baseline": 176.85,
      "by_budget": {
        "1": {
          "score": 126.45,
          "improvement": -50.39999999999999
        },
        "3": {
          "score": 198.15,
          "improvement": 21.30000000000001
        },
        "5": {
          "score": 166.4,
          "improvement": -10.449999999999989
        },
        "10": {
          "score": 172.85,
          "improvement": -4.0
        },
        "20": {
          "score": 98.85,
          "improvement": -78.0
        },
        "30": {
          "score": 177.9,
          "improvement": 1.0500000000000114
        }
      }
    }
  },
  "D": {
    "gating": {
      "0": {
        "before": 202.2,
        "after": 229.8,
        "improvement": 27.600000000000023
      },
      "1": {
        "before": 144.55,
        "after": 144.15,
        "improvement": -0.4000000000000057
      },
      "2": {
        "before": 74.1,
        "after": 72.35,
        "improvement": -1.75
      }
    },
    "full": {
      "0": {
        "before": 181.75,
        "after": 306.65,
        "improvement": 124.89999999999998
      },
      "1": {
        "before": 158.7,
        "after": 55.75,
        "improvement": -102.94999999999999
      },
      "2": {
        "before": 49.9,
        "after": 22.3,
        "improvement": -27.599999999999998
      }
    }
  }
}