{
  "modes": {
    "0": {
      "before": {
        "mean": 426.05,
        "std": 91.88660130835181
      },
      "after": {
        "mean": 488.3,
        "std": 25.428527287281106
      },
      "improvement": 62.25
    },
    "1": {
      "before": {
        "mean": 421.95,
        "std": 85.59642223831555
      },
      "after": {
        "mean": 500.0,
        "std": 0.0
      },
      "improvement": 78.05000000000001
    },
    "2": {
      "before": {
        "mean": 410.1,
        "std": 102.15424611830876
      },
      "after": {
        "mean": 500.0,
        "std": 0.0
      },
      "improvement": 89.89999999999998
    }
  },
  "avg_improvement": 76.73333333333333
}