{
  "metadata": {
    "adapt_mode": "policy_head",
    "agent_type": "baseline"
  },
  "results": {
    "0": {
      "before_mean": 23.15,
      "after_mean": 23.6,
      "improvement": 0.45000000000000284,
      "before_returns": [
        33.0,
        26.0,
        18.0,
        53.0,
        19.0,
        16.0,
        26.0,
        22.0,
        12.0,
        38.0,
        25.0,
        25.0,
        15.0,
        26.0,
        26.0,
        18.0,
        12.0,
        18.0,
        19.0,
        16.0
      ],
      "after_returns": [
        31.0,
        21.0,
        22.0,
        12.0,
        27.0,
        80.0,
        27.0,
        14.0,
        16.0,
        20.0,
        14.0,
        19.0,
        15.0,
        20.0,
        41.0,
        17.0,
        18.0,
        13.0,
        23.0,
        22.0
      ],
      "adapt_returns": [
        12.0,
        31.0,
        13.0,
        23.0,
        18.0,
        15.0,
        54.0,
        12.0,
        40.0,
        24.0,
        24.0,
        22.0,
        20.0,
        21.0,
        21.0,
        12.0,
        11.0,
        15.0,
        23.0,
        17.0,
        12.0,
        14.0,
        34.0,
        18.0,
        18.0,
        16.0,
        10.0,
        22.0,
        19.0,
        37.0
      ]
    },
    "1": {
      "before_mean": 32.2,
      "after_mean": 21.0,
      "improvement": -11.200000000000003,
      "before_returns": [
        21.0,
        65.0,
        20.0,
        14.0,
        21.0,
        47.0,
        39.0,
        39.0,
        71.0,
        15.0,
        36.0,
        14.0,
        30.0,
        18.0,
        30.0,
        22.0,
        28.0,
        70.0,
        30.0,
        14.0
      ],
      "after_returns": [
        17.0,
        16.0,
        33.0,
        12.0,
        14.0,
        12.0,
        28.0,
        13.0,
        31.0,
        23.0,
        27.0,
        27.0,
        23.0,
        23.0,
        19.0,
        21.0,
        28.0,
        15.0,
        17.0,
        21.0
      ],
      "adapt_returns": [
        28.0,
        18.0,
        24.0,
        15.0,
        17.0,
        20.0,
        30.0,
        33.0,
        19.0,
        19.0,
        34.0,
        21.0,
        33.0,
        21.0,
        57.0,
        38.0,
        22.0,
        12.0,
        18.0,
        60.0,
        71.0,
        18.0,
        16.0,
        58.0,
        41.0,
        33.0,
        42.0,
        25.0,
        26.0,
        59.0
      ]
    },
    "2": {
      "before_mean": 20.6,
      "after_mean": 19.5,
      "improvement": -1.1000000000000014,
      "before_returns": [
        17.0,
        15.0,
        10.0,
        11.0,
        10.0,
        17.0,
        8.0,
        20.0,
        9.0,
        15.0,
        16.0,
        53.0,
        30.0,
        22.0,
        14.0,
        16.0,
        52.0,
        17.0,
        18.0,
        42.0
      ],
      "after_returns": [
        16.0,
        9.0,
        22.0,
        10.0,
        46.0,
        21.0,
        16.0,
        11.0,
        10.0,
        14.0,
        21.0,
        20.0,
        31.0,
        20.0,
        37.0,
        9.0,
        10.0,
        10.0,
        41.0,
        16.0
      ],
      "adapt_returns": [
        18.0,
        21.0,
        11.0,
        24.0,
        12.0,
        15.0,
        10.0,
        15.0,
        25.0,
        8.0,
        10.0,
        13.0,
        15.0,
        17.0,
        17.0,
        12.0,
        14.0,
        19.0,
        11.0,
        19.0,
        35.0,
        12.0,
        10.0,
        17.0,
        27.0,
        31.0,
        40.0,
        15.0,
        18.0,
        31.0
      ]
    }
  }
}