{
  "metadata": {
    "adapt_mode": "gating",
    "agent_type": "astral"
  },
  "results": {
    "0": {
      "before_mean": 316.15,
      "after_mean": 317.35,
      "improvement": 1.2000000000000455,
      "before_returns": [
        318.0,
        307.0,
        303.0,
        251.0,
        286.0,
        328.0,
        270.0,
        335.0,
        273.0,
        404.0,
        308.0,
        341.0,
        304.0,
        307.0,
        357.0,
        297.0,
        233.0,
        342.0,
        357.0,
        402.0
      ],
      "after_returns": [
        359.0,
        258.0,
        268.0,
        339.0,
        269.0,
        341.0,
        331.0,
        330.0,
        302.0,
        317.0,
        263.0,
        301.0,
        286.0,
        361.0,
        274.0,
        301.0,
        286.0,
        427.0,
        332.0,
        402.0
      ],
      "adapt_returns": [
        278.0,
        277.0,
        392.0,
        284.0,
        266.0,
        295.0,
        343.0,
        310.0,
        345.0,
        334.0,
        339.0,
        288.0,
        382.0,
        322.0,
        311.0,
        264.0,
        288.0,
        259.0,
        413.0,
        290.0,
        282.0,
        292.0,
        282.0,
        320.0,
        281.0,
        264.0,
        265.0,
        277.0,
        358.0,
        343.0
      ]
    },
    "1": {
      "before_mean": 312.2,
      "after_mean": 307.8,
      "improvement": -4.399999999999977,
      "before_returns": [
        300.0,
        302.0,
        311.0,
        336.0,
        303.0,
        403.0,
        382.0,
        277.0,
        334.0,
        312.0,
        311.0,
        346.0,
        268.0,
        263.0,
        296.0,
        297.0,
        281.0,
        307.0,
        317.0,
        298.0
      ],
      "after_returns": [
        301.0,
        332.0,
        283.0,
        276.0,
        286.0,
        296.0,
        397.0,
        214.0,
        302.0,
        345.0,
        285.0,
        354.0,
        303.0,
        282.0,
        349.0,
        360.0,
        283.0,
        278.0,
        309.0,
        321.0
      ],
      "adapt_returns": [
        323.0,
        283.0,
        258.0,
        433.0,
        335.0,
        284.0,
        335.0,
        272.0,
        388.0,
        364.0,
        243.0,
        358.0,
        296.0,
        301.0,
        314.0,
        279.0,
        406.0,
        387.0,
        325.0,
        325.0,
        350.0,
        411.0,
        300.0,
        260.0,
        360.0,
        303.0,
        256.0,
        276.0,
        319.0,
        344.0
      ]
    },
    "2": {
      "before_mean": 314.25,
      "after_mean": 309.7,
      "improvement": -4.550000000000011,
      "before_returns": [
        326.0,
        330.0,
        286.0,
        346.0,
        342.0,
        275.0,
        342.0,
        328.0,
        328.0,
        290.0,
        362.0,
        264.0,
        298.0,
        293.0,
        282.0,
        260.0,
        360.0,
        368.0,
        296.0,
        309.0
      ],
      "after_returns": [
        354.0,
        308.0,
        285.0,
        301.0,
        314.0,
        345.0,
        278.0,
        282.0,
        304.0,
        333.0,
        311.0,
        409.0,
        304.0,
        293.0,
        349.0,
        325.0,
        276.0,
        270.0,
        275.0,
        278.0
      ],
      "adapt_returns": [
        399.0,
        324.0,
        299.0,
        278.0,
        237.0,
        344.0,
        291.0,
        256.0,
        327.0,
        338.0,
        313.0,
        270.0,
        360.0,
        254.0,
        267.0,
        340.0,
        412.0,
        325.0,
        464.0,
        333.0,
        323.0,
        320.0,
        331.0,
        312.0,
        267.0,
        279.0,
        305.0,
        285.0,
        328.0,
        312.0
      ]
    }
  }
}