{
  "metadata": {
    "adapt_mode": "gating",
    "agent_type": "astral"
  },
  "results": {
    "0": {
      "before_mean": 482.2,
      "after_mean": 439.5,
      "improvement": -42.69999999999999,
      "before_returns": [
        500.0,
        500.0,
        428.0,
        398.0,
        500.0,
        500.0,
        500.0,
        500.0,
        500.0,
        500.0,
        500.0,
        500.0,
        500.0,
        500.0,
        500.0,
        500.0,
        500.0,
        500.0,
        376.0,
        442.0
      ],
      "after_returns": [
        500.0,
        500.0,
        500.0,
        351.0,
        500.0,
        500.0,
        468.0,
        341.0,
        181.0,
        500.0,
        500.0,
        500.0,
        455.0,
        500.0,
        500.0,
        424.0,
        500.0,
        500.0,
        224.0,
        346.0
      ],
      "adapt_returns": [
        500.0,
        500.0,
        283.0,
        260.0,
        393.0,
        500.0,
        245.0,
        500.0,
        500.0,
        402.0,
        500.0,
        500.0,
        312.0,
        418.0,
        500.0,
        500.0,
        500.0,
        500.0,
        240.0,
        462.0,
        500.0,
        455.0,
        500.0,
        425.0,
        500.0,
        500.0,
        500.0,
        500.0,
        500.0,
        265.0
      ]
    },
    "1": {
      "before_mean": 490.05,
      "after_mean": 479.6,
      "improvement": -10.449999999999989,
      "before_returns": [
        500.0,
        500.0,
        500.0,
        500.0,
        500.0,
        500.0,
        500.0,
        500.0,
        500.0,
        440.0,
        500.0,
        500.0,
        500.0,
        500.0,
        500.0,
        500.0,
        361.0,
        500.0,
        500.0,
        500.0
      ],
      "after_returns": [
        500.0,
        416.0,
        500.0,
        500.0,
        500.0,
        500.0,
        500.0,
        390.0,
        500.0,
        500.0,
        500.0,
        286.0,
        500.0,
        500.0,
        500.0,
        500.0,
        500.0,
        500.0,
        500.0,
        500.0
      ],
      "adapt_returns": [
        500.0,
        500.0,
        500.0,
        500.0,
        500.0,
        500.0,
        217.0,
        392.0,
        500.0,
        500.0,
        500.0,
        500.0,
        500.0,
        500.0,
        311.0,
        500.0,
        500.0,
        500.0,
        500.0,
        217.0,
        500.0,
        500.0,
        500.0,
        500.0,
        500.0,
        500.0,
        500.0,
        500.0,
        500.0,
        500.0
      ]
    },
    "2": {
      "before_mean": 361.85,
      "after_mean": 402.6,
      "improvement": 40.75,
      "before_returns": [
        288.0,
        500.0,
        500.0,
        338.0,
        462.0,
        259.0,
        412.0,
        250.0,
        345.0,
        330.0,
        429.0,
        170.0,
        185.0,
        286.0,
        500.0,
        161.0,
        460.0,
        452.0,
        455.0,
        455.0
      ],
      "after_returns": [
        256.0,
        361.0,
        500.0,
        364.0,
        500.0,
        500.0,
        500.0,
        395.0,
        169.0,
        464.0,
        500.0,
        335.0,
        500.0,
        363.0,
        500.0,
        315.0,
        438.0,
        402.0,
        190.0,
        500.0
      ],
      "adapt_returns": [
        381.0,
        120.0,
        326.0,
        500.0,
        259.0,
        229.0,
        355.0,
        174.0,
        169.0,
        500.0,
        407.0,
        500.0,
        250.0,
        500.0,
        267.0,
        500.0,
        500.0,
        500.0,
        180.0,
        375.0,
        500.0,
        84.0,
        256.0,
        500.0,
        377.0,
        315.0,
        238.0,
        253.0,
        500.0,
        405.0
      ]
    }
  }
}