{
  "config": {
    "total_timesteps": 100000,
    "n_envs": 16,
    "batch_size": 512,
    "n_steps": 2048,
    "n_epochs": 10,
    "learning_rate": 0.0003,
    "device": "cuda",
    "seed": 42,
    "eval_episodes": 60,
    "save_dir": "results/sb3_baseline",
    "verbose": 1,
    "no_progress_bar": false
  },
  "training_time": 31.80172061920166,
  "training_returns": [],
  "eval_by_mode": {
    "0": [
      500.0,
      500.0,
      500.0,
      423.0,
      500.0,
      482.0,
      313.0,
      500.0,
      276.0,
      309.0,
      500.0,
      500.0,
      500.0,
      500.0,
      280.0,
      500.0,
      500.0,
      500.0,
      445.0
    ],
    "1": [
      500.0,
      311.0,
      416.0,
      353.0,
      329.0,
      500.0,
      422.0,
      500.0,
      310.0,
      500.0,
      452.0,
      500.0,
      270.0,
      500.0,
      302.0,
      500.0,
      292.0
    ],
    "2": [
      500.0,
      500.0,
      500.0,
      286.0,
      500.0,
      500.0,
      500.0,
      500.0,
      500.0,
      500.0,
      500.0,
      500.0,
      500.0,
      500.0,
      325.0,
      329.0,
      500.0,
      500.0,
      500.0,
      500.0,
      494.0,
      500.0,
      321.0,
      331.0
    ]
  },
  "eval_summary": {
    "0": {
      "mean": 448.8421052631579,
      "std": 82.58282168631155,
      "n": 19
    },
    "1": {
      "mean": 409.2352941176471,
      "std": 88.59460175545468,
      "n": 17
    },
    "2": {
      "mean": 461.9166666666667,
      "std": 74.01909475864244,
      "n": 24
    },
    "overall": {
      "mean": 442.85,
      "std": 83.97615236879257
    }
  }
}