{
  "modes": [
    0,
    1,
    2
  ],
  "natural_weights": {
    "0": {
      "mean": [
        0.5649725794792175,
        0.4120713770389557,
        0.02295573055744171
      ],
      "std": [
        0.047573596239089966,
        0.024776887148618698,
        0.03177306428551674
      ]
    },
    "1": {
      "mean": [
        0.5659339427947998,
        0.41305166482925415,
        0.021013805642724037
      ],
      "std": [
        0.04317079111933708,
        0.024927737191319466,
        0.027490437030792236
      ]
    },
    "2": {
      "mean": [
        0.5585581064224243,
        0.40859144926071167,
        0.03284941613674164
      ],
      "std": [
        0.06580664217472076,
        0.03191912919282913,
        0.07227381318807602
      ]
    }
  },
  "clamp_experiment": {
    "results_matrix": [
      [
        394.15,
        407.55,
        430.9
      ],
      [
        486.95,
        455.1,
        497.85
      ],
      [
        324.65,
        387.3,
        371.1
      ]
    ],
    "baseline_returns": [
      456.3,
      461.2,
      331.75
    ]
  },
  "disable_experiment": {
    "results_matrix": [
      [
        444.25,
        390.9,
        454.05
      ],
      [
        451.8,
        464.45,
        481.1
      ],
      [
        334.4,
        358.05,
        315.1
      ]
    ],
    "baseline_returns": [
      429.5,
      494.8,
      326.2
    ]
  }
}