{
  "metadata": {
    "adapt_mode": "gating",
    "agent_type": "astral"
  },
  "results": {
    "0": {
      "before_mean": 182.75,
      "after_mean": 159.6,
      "improvement": -23.150000000000006,
      "before_returns": [
        112.0,
        100.0,
        415.0,
        340.0,
        75.0,
        326.0,
        49.0,
        89.0,
        321.0,
        125.0,
        73.0,
        208.0,
        90.0,
        63.0,
        130.0,
        438.0,
        114.0,
        129.0,
        105.0,
        353.0
      ],
      "after_returns": [
        113.0,
        68.0,
        138.0,
        408.0,
        116.0,
        101.0,
        398.0,
        96.0,
        50.0,
        69.0,
        366.0,
        124.0,
        59.0,
        63.0,
        118.0,
        114.0,
        98.0,
        382.0,
        218.0,
        93.0
      ],
      "adapt_returns": [
        117.0,
        72.0,
        369.0,
        117.0,
        95.0,
        110.0,
        118.0,
        76.0,
        110.0,
        155.0,
        85.0,
        102.0,
        78.0,
        87.0,
        110.0,
        85.0,
        99.0,
        45.0,
        112.0,
        82.0,
        69.0,
        382.0,
        81.0,
        87.0,
        57.0,
        105.0,
        128.0,
        356.0,
        100.0,
        94.0
      ]
    },
    "1": {
      "before_mean": 233.45,
      "after_mean": 180.15,
      "improvement": -53.29999999999998,
      "before_returns": [
        364.0,
        377.0,
        162.0,
        146.0,
        370.0,
        197.0,
        202.0,
        457.0,
        310.0,
        500.0,
        176.0,
        79.0,
        73.0,
        107.0,
        132.0,
        204.0,
        135.0,
        277.0,
        85.0,
        316.0
      ],
      "after_returns": [
        89.0,
        93.0,
        97.0,
        483.0,
        140.0,
        93.0,
        103.0,
        101.0,
        461.0,
        406.0,
        103.0,
        167.0,
        117.0,
        102.0,
        338.0,
        79.0,
        77.0,
        89.0,
        326.0,
        139.0
      ],
      "adapt_returns": [
        106.0,
        356.0,
        116.0,
        192.0,
        122.0,
        480.0,
        124.0,
        109.0,
        101.0,
        280.0,
        127.0,
        477.0,
        81.0,
        123.0,
        458.0,
        125.0,
        90.0,
        124.0,
        137.0,
        83.0,
        389.0,
        101.0,
        93.0,
        159.0,
        121.0,
        71.0,
        148.0,
        500.0,
        94.0,
        101.0
      ]
    },
    "2": {
      "before_mean": 146.25,
      "after_mean": 144.6,
      "improvement": -1.6500000000000057,
      "before_returns": [
        114.0,
        46.0,
        492.0,
        88.0,
        73.0,
        87.0,
        301.0,
        397.0,
        76.0,
        76.0,
        100.0,
        118.0,
        74.0,
        64.0,
        57.0,
        149.0,
        78.0,
        81.0,
        60.0,
        394.0
      ],
      "after_returns": [
        99.0,
        56.0,
        92.0,
        77.0,
        500.0,
        134.0,
        133.0,
        66.0,
        78.0,
        341.0,
        51.0,
        70.0,
        54.0,
        151.0,
        64.0,
        221.0,
        202.0,
        345.0,
        68.0,
        90.0
      ],
      "adapt_returns": [
        133.0,
        76.0,
        66.0,
        46.0,
        74.0,
        455.0,
        63.0,
        68.0,
        308.0,
        293.0,
        58.0,
        48.0,
        60.0,
        500.0,
        418.0,
        110.0,
        388.0,
        97.0,
        99.0,
        92.0,
        444.0,
        144.0,
        79.0,
        65.0,
        51.0,
        82.0,
        217.0,
        73.0,
        102.0,
        99.0
      ]
    }
  }
}