{
  "metadata": {
    "adapt_mode": "gating",
    "agent_type": "astral"
  },
  "results": {
    "0": {
      "before_mean": 262.1,
      "after_mean": 236.2,
      "improvement": -25.900000000000034,
      "before_returns": [
        219.0,
        184.0,
        240.0,
        343.0,
        221.0,
        199.0,
        187.0,
        274.0,
        296.0,
        279.0,
        221.0,
        493.0,
        223.0,
        378.0,
        216.0,
        293.0,
        246.0,
        248.0,
        164.0,
        318.0
      ],
      "after_returns": [
        218.0,
        269.0,
        303.0,
        234.0,
        175.0,
        210.0,
        206.0,
        241.0,
        214.0,
        211.0,
        234.0,
        260.0,
        204.0,
        250.0,
        178.0,
        231.0,
        253.0,
        36.0,
        297.0,
        500.0
      ],
      "adapt_returns": [
        227.0,
        297.0,
        206.0,
        249.0,
        232.0,
        386.0,
        221.0,
        296.0,
        246.0,
        198.0,
        214.0,
        289.0,
        215.0,
        252.0,
        182.0,
        242.0,
        238.0,
        73.0,
        206.0,
        236.0,
        252.0,
        217.0,
        185.0,
        240.0,
        252.0,
        221.0,
        381.0,
        321.0,
        228.0,
        244.0
      ]
    },
    "1": {
      "before_mean": 282.45,
      "after_mean": 289.0,
      "improvement": 6.550000000000011,
      "before_returns": [
        150.0,
        236.0,
        225.0,
        236.0,
        500.0,
        291.0,
        313.0,
        275.0,
        220.0,
        262.0,
        242.0,
        235.0,
        342.0,
        249.0,
        361.0,
        399.0,
        282.0,
        322.0,
        245.0,
        264.0
      ],
      "after_returns": [
        407.0,
        500.0,
        289.0,
        227.0,
        278.0,
        283.0,
        500.0,
        256.0,
        310.0,
        364.0,
        288.0,
        258.0,
        241.0,
        316.0,
        88.0,
        335.0,
        188.0,
        101.0,
        330.0,
        221.0
      ],
      "adapt_returns": [
        328.0,
        466.0,
        270.0,
        227.0,
        182.0,
        202.0,
        500.0,
        283.0,
        299.0,
        270.0,
        195.0,
        236.0,
        500.0,
        292.0,
        212.0,
        232.0,
        197.0,
        331.0,
        293.0,
        253.0,
        204.0,
        281.0,
        308.0,
        287.0,
        416.0,
        246.0,
        250.0,
        500.0,
        300.0,
        225.0
      ]
    },
    "2": {
      "before_mean": 231.95,
      "after_mean": 237.35,
      "improvement": 5.400000000000006,
      "before_returns": [
        208.0,
        188.0,
        165.0,
        181.0,
        319.0,
        196.0,
        174.0,
        254.0,
        255.0,
        289.0,
        160.0,
        272.0,
        195.0,
        203.0,
        164.0,
        351.0,
        280.0,
        256.0,
        304.0,
        225.0
      ],
      "after_returns": [
        240.0,
        234.0,
        362.0,
        219.0,
        282.0,
        240.0,
        208.0,
        197.0,
        204.0,
        179.0,
        218.0,
        142.0,
        208.0,
        200.0,
        194.0,
        219.0,
        314.0,
        190.0,
        403.0,
        294.0
      ],
      "adapt_returns": [
        305.0,
        216.0,
        177.0,
        201.0,
        310.0,
        221.0,
        174.0,
        279.0,
        168.0,
        240.0,
        180.0,
        277.0,
        235.0,
        192.0,
        236.0,
        202.0,
        197.0,
        194.0,
        255.0,
        256.0,
        265.0,
        293.0,
        279.0,
        223.0,
        190.0,
        500.0,
        147.0,
        221.0,
        255.0,
        265.0
      ]
    }
  }
}